trace_id,method,path,status,latency_ms
a1c0d36b-d1f6-4b05-adb3-d5ad4e6c5156,GET,/healthz,200,1024
987694ee-1004-49ec-92a3-7f54a78b01dc,GET,/healthz,200,1026
a65c1ff2-432a-45b9-8a90-ff0f95302a8c,GET,/healthz,200,1034
487f94f5-3602-4d01-8e6d-e43ce7016a5c,GET,/healthz,200,1026
c3594287-ef12-4630-8ae6-c6c7f8d38597,GET,/healthz,200,1552
b83cbd8d-4990-424f-8b7c-e816f69aa2c3,GET,/healthz,200,572
139c370d-1eb2-4283-b1c0-49f3a732ed5f,GET,/healthz,200,574
e5750439-ca9f-4b38-b900-04601e6336d8,GET,/healthz,200,947
23220925-9bac-41ec-a5cb-bacb32610c0f,GET,/healthz,200,2050
95792422-a5fe-4ae3-a316-99cfbe6f868d,GET,/healthz,200,2051
187d1ab9-2375-4758-915a-d3d2146eb74f,GET,/healthz,200,2051
610de324-a350-4868-b2e8-8d668b12ae6c,GET,/healthz,200,498
f4025d17-6b2f-4040-b202-ba97174462a7,GET,/healthz,200,1184
8b99fa52-fec2-4e95-8f8d-9fac28b2cddd,GET,/healthz,200,2467
0fdab7e7-0443-4d26-8e05-076863ebf14f,GET,/healthz,200,556
3fed0487-3ff3-4ab6-916c-a1fcea6e5444,GET,/healthz,200,557
7798d99e-ca2e-4d15-8b9f-da4c3f53b544,GET,/healthz,200,1102
181b0d8d-2443-4529-a915-093dcb2e9a0a,GET,/healthz,200,558
296c4dc3-1e76-4d6d-8dcb-001030a15c16,GET,/healthz,200,1120
2f2e24e9-7319-47f8-bdbd-628cd769abac,GET,/healthz,200,511
ed72ddc5-443b-4a52-b1ef-ea8f0a982c4a,GET,/healthz,200,883
003d7959-7880-4b2b-8b9d-5f61e21905bd,GET,/healthz,200,605
9a98476a-f0a5-436b-9524-db90a6db022e,GET,/healthz,200,559
375e998b-cf25-4f1c-b785-9a8a2a5343d7,GET,/healthz,200,558
10199858-41d6-49ee-8a01-306fb106bb36,GET,/healthz,200,636
9b5f4ffb-66d8-4534-8a9a-f53465c02fd4,GET,/healthz,200,997
c3abfae0-9ede-46b8-a4f7-7448bf127532,GET,/healthz,200,821
c76beba6-fbc6-4630-ab2f-947b3e3293f5,GET,/healthz,200,1012
8c58deb5-6403-4277-83fd-1816d9032781,GET,/healthz,200,605
66183004-99b5-4d83-a85b-c233a8659060,GET,/healthz,200,606
f85e0afa-bc12-44eb-8943-4b84f92254ea,GET,/healthz,200,606
def31062-9613-406f-850a-931ec88b4933,GET,/healthz,200,932
c75e016c-bceb-4f50-818d-d5ccff502417,GET,/healthz,200,558
4385d884-72b2-49c0-995d-d22a56fc2e0a,GET,/healthz,200,586
42bbb963-a261-4c95-a693-a6ab0ec15f99,GET,/healthz,200,650
712fa8ff-c315-4ec4-bd60-3ae7cefdb2f8,GET,/healthz,200,556
8902cc16-e36c-4762-912a-768fea0ad3b8,GET,/healthz,200,558
322cbd31-b861-40a4-917c-988235e2de27,GET,/healthz,200,836
fd121430-fa1d-4ddc-b863-db55cf08049a,GET,/healthz,200,745
fb4fc923-cbc4-4b46-9cd9-2c024c5e41bc,GET,/healthz,200,2560
f13da0de-0fa7-4f64-a810-c6861638238d,GET,/healthz,200,511
f136ff48-1ee0-4b97-9e03-138b94896560,GET,/healthz,200,511
2c612b76-7e93-4cbc-8f0b-1fac381316f2,GET,/healthz,200,512
1e415d31-dd26-4b21-b73c-826b5bf56caf,GET,/healthz,200,852
83fc7292-55a4-40a9-978e-91a7055df31f,GET,/healthz,200,805
0f2954c9-f879-4147-9af8-d782a8cf8e78,GET,/healthz,200,1084
ffd9507b-022f-454d-87d1-667c4d2dd332,GET,/healthz,200,525
b65ca1bf-fdea-4874-8a92-653ae17e89b3,GET,/healthz,200,527
e8e95df1-3c62-4573-ae17-23173f4260ff,GET,/healthz,200,526
a24be7c9-a17d-46a4-91ba-f978d1e72512,GET,/healthz,200,5542
5570195b-ed12-4f88-88af-c50e47b43120,GET,/healthz,200,1675
bce7f070-b55e-4384-bf27-e7efb7b09d0a,GET,/healthz,200,513
6bab01bf-3af6-449e-aea4-698ca6b1e549,GET,/healthz,200,745
1fd7e61f-4678-423b-a492-cf1c1a58249a,GET,/healthz,timeout,232
81b65fcb-c501-4830-bff5-959db5577f81,GET,/healthz,200,989
a38a243b-a318-423e-8cf5-0021bec39fb1,GET,/healthz,200,1315
0033c7e6-bbc0-42e8-bac7-57461f1637ec,GET,/healthz,200,602
ddfb047f-47a1-4558-9b3f-a62b2171c0aa,GET,/healthz,200,602
a4cec64d-4beb-4740-999a-9e1b325aca16,GET,/healthz,200,557
bcd95e53-7a54-41a9-9db0-b9665addb722,GET,/healthz,200,1100
887f00ab-d33b-4681-a4c4-c6393122bf99,GET,/healthz,200,1487
f946484e-8d2e-451c-90d7-5cd087054507,GET,/healthz,200,742
9f476ed3-b657-4717-8317-388662d8816b,GET,/healthz,200,558
827e21b5-ad7f-4f14-9d96-4a9b9427dc94,GET,/healthz,200,558
ef6d5703-6545-4951-be50-a7dd8e9dfaa1,GET,/healthz,200,479
7e7e9d1f-7bf2-4246-9cad-cac3fbaa4f8f,GET,/healthz,200,791
1148910a-716b-49f3-be2c-26cfdf42639d,GET,/healthz,200,1114
40872644-7852-47d2-8b48-b623fd9f80c6,GET,/healthz,200,1008
ec87cbf5-95a4-467a-8abd-3263422fd148,GET,/healthz,200,602
cc9af8e2-fcf6-49f0-9cc0-8fb2bc0c4905,GET,/healthz,200,555
1a31f1fa-c351-42b1-a0fc-c1425cf54688,GET,/healthz,200,662
a5cc75ba-7658-46e5-8807-561dca04d7f5,GET,/healthz,200,570
af4ed8b7-1db9-41e3-9177-7e6a79bd08a9,GET,/healthz,200,881
284aae44-8457-4cc7-82d8-c36ca692db47,GET,/healthz,200,619
6cd45b79-c4f0-49f1-87ea-9ab3a9ddefe6,GET,/healthz,200,930
879be1b3-24a5-46e9-b5a2-19f4226b90ba,GET,/healthz,200,759
dccb6a34-308a-456a-941e-a3b17d33cd86,GET,/healthz,200,1551
0e4ffe9f-f811-409c-9ac2-98e730c5794e,GET,/healthz,200,561
6e6eff77-48f1-4259-a320-f9daed5bd046,GET,/healthz,200,517
ef8e030d-d8a8-4132-92cd-d0a38565ef3b,GET,/healthz,200,684
f36f6c75-8641-4453-8946-32e5f97ce172,GET,/healthz,200,653
7b79b252-d03b-4de1-93a4-2c2f5fe979e2,GET,/healthz,200,637
5f3dc511-024a-4118-87b1-9b55c8aa8ae3,GET,/healthz,200,2496
5af4bb0d-fdf1-42dc-b909-1225fdad70a9,GET,/healthz,200,539
e72f97cc-81f2-4507-811a-c1b33dfec2c1,GET,/healthz,200,948
edbe65ae-f3b2-4af9-aea5-d1e04e85f12b,GET,/healthz,200,789
69d3837e-e0c8-44b9-8407-c6fe4df92ff6,GET,/healthz,200,557
34a8ba9b-7274-4294-ada7-9f816d2e9121,GET,/healthz,200,558
2be282de-e6fe-48df-9ff1-db20471ae377,GET,/healthz,200,911
77303cff-224f-463e-b6b9-c50362745b51,GET,/healthz,200,956
f2f17c1d-730f-42e0-b23f-b1fef2a600c4,GET,/healthz,200,525
d6dac792-8e17-4943-972e-7a4373dc079f,GET,/healthz,200,1023
1f3fbc09-99f5-40fe-b2fc-00843cb0c3b5,GET,/healthz,200,481
ed8e64e8-f0e3-4233-bb0b-58ffba21dea8,GET,/healthz,200,482
bb09831f-1eb4-4b15-b930-c8493cccfb15,GET,/healthz,200,541
d578588e-b789-47c8-950e-4f4144fb74d0,GET,/healthz,200,542
18d70ba4-5850-4b1c-9163-ad5237370f84,GET,/healthz,200,542
5dd17772-3c7f-4554-b9d8-f390cd072ee4,GET,/healthz,200,588
d0168654-4f25-4fdf-a7af-9a67970676ab,GET,/healthz,200,1052
260209b4-0f6b-4830-ae71-13dc3dec305b,GET,/healthz,200,587
7aa3e797-7c2a-46d1-96af-e929744d1d91,GET,/healthz,200,603
42d0a94d-7c48-44be-a24c-c2a60f84587d,GET,/healthz,200,478
5d2eaab8-f504-4778-a2e1-e52050b72194,GET,/healthz,200,944
b50bac1d-4fac-4829-81a5-e2096291c70e,GET,/healthz,200,1003
80d2393f-1d58-4f52-98a9-272f00820ced,GET,/healthz,200,696
6db564b0-c716-4372-a4ae-8177f88ec679,GET,/healthz,200,512
68c08722-86cd-4683-b0a6-3cb1859c569c,GET,/healthz,200,848
d7a1f02a-37e4-4955-b142-303d51cf67ed,GET,/healthz,200,1374
b1b44ecf-07f6-4e7f-839c-eea0fd6b7a54,GET,/healthz,200,897
9c560e89-36ef-41da-af6d-42a8591b3250,GET,/healthz,200,541
dbb47dbf-c430-4361-b50e-b0d3a541911c,GET,/healthz,200,634
543591de-3a89-4cf2-ae0d-a44c3ae4c8ad,GET,/healthz,200,651
239be966-81cf-4664-9a40-39cd7cd94988,GET,/healthz,200,464
84b16611-1921-49f9-aa03-e3e3aed2071a,GET,/healthz,200,545
7209465c-2c57-4d14-b4f2-30c1085ad7f3,GET,/healthz,200,681
0126420c-3db0-4504-9d82-85ac7b8d6c12,GET,/healthz,200,881
5c7baf69-6708-492e-8236-7d2745f83b7e,GET,/healthz,200,1008
3faf215a-7ca7-4763-aa9a-919e10c58a2f,GET,/healthz,200,1118
7c8f67fd-ecac-4771-8723-378bac635c6a,GET,/healthz,200,496
48fcd0f4-2e31-4002-8ddf-258b3ffe75f8,GET,/healthz,200,2184
420e6485-36b6-44a9-a3a8-4128d1c08e1a,GET,/healthz,200,1013
9f1b0d1a-efba-46b7-bc51-8f35ff71d328,GET,/healthz,200,1398
e1ad962c-743c-43d3-a9b5-972d7bf323b3,GET,/healthz,200,544
b091878e-aca0-4930-89b0-a1081f537441,GET,/healthz,200,856
2f0cdd0f-c155-45ac-b0da-b1d472d46fbd,GET,/healthz,200,1135
a6060e7d-b113-428c-912a-ceb953d4cd61,GET,/healthz,200,511
fd51e2c9-b772-42c5-b254-b3de92f10fc9,GET,/healthz,200,528
267f131f-a00e-4cd6-b0d1-a10cb11e3ac2,GET,/healthz,200,3099
f1f4e759-5d2d-4ad3-af7e-2a9fc29f1993,GET,/healthz,200,493
ad75a0db-77cb-45bc-ba98-2825e448e260,GET,/healthz,200,1117
66e97b88-2556-4f61-bdbd-2b1c8b03958f,GET,/healthz,200,744
fbdbe29a-a907-45a3-99ef-dc7ba14a22aa,GET,/healthz,200,584
18d283de-302d-4ff0-a872-8f488780fe1c,GET,/healthz,200,508
4c2a29ef-e71d-4ad4-82a7-c6f787f2ec4e,GET,/healthz,200,536
239afc89-c5bd-48b6-bf52-08077e72a192,GET,/healthz,200,539
e0d765ee-4819-4393-847e-e108cefd7ae6,GET,/healthz,200,583
5fb69b92-9696-43ae-a17b-97f0e1b02774,GET,/healthz,200,570
68cd9529-9960-425b-b637-e525b4c74a2b,GET,/healthz,200,615
1524da2b-76e6-48cb-a6f0-90fb2e37e15b,GET,/healthz,200,1002
0b0567c4-d2c1-4d43-b360-69e8bd659499,GET,/healthz,200,692
161a6498-ed2e-4ce7-a755-11f433af25c4,GET,/healthz,200,434
bf4cb960-0d45-4a9e-be5a-21d50e194f97,GET,/healthz,200,736
581f9db6-60d4-45f7-b0dc-8974284c167a,GET,/healthz,200,495
e84790b1-3f4c-4f03-997d-14dec907aaeb,GET,/healthz,200,770
9e463ef0-8a9e-4be8-a17f-dac404e28aa2,GET,/healthz,200,570
2a7f0ee7-11ed-4704-9349-85f7d6dcf2d9,GET,/healthz,200,570
5a9e7ffe-eddf-4163-a054-f2c2cfa844ea,GET,/healthz,200,832
90c1c274-b569-45d1-be63-9e1e3cda6921,GET,/healthz,200,971
691fedb8-da30-4648-b514-9d62bc6a200d,GET,/healthz,200,770
79a8fce0-8e72-4110-bda7-3d61a63e48fa,GET,/healthz,200,511
3374e36b-d7a4-4daa-b34a-fd4e7f7781b8,GET,/healthz,200,507
aaf718e9-36e4-42a1-8d25-2c23b0c35c51,GET,/healthz,200,558
620ab403-610a-4e59-9804-3958fdac32de,GET,/healthz,200,527
1c83f138-0167-46bc-b4b1-545c300e4ef4,GET,/healthz,200,511
426bc4d6-86d5-4ec0-a983-95a60e899d42,GET,/healthz,200,510
66641d12-fa0d-4920-ab3a-53ea6dd731e8,GET,/healthz,200,542
3e701a08-1ed2-4e34-8133-d3021c7371fd,GET,/healthz,200,931
234a15f2-e20b-4d41-8975-b7cd5d447602,GET,/healthz,200,545
63431f3d-5b4f-4383-9474-689ca12c7ae4,GET,/healthz,200,452
bf3956e9-aee4-4a44-97ee-b92c2437ed11,GET,/healthz,200,699
1735ec32-7f41-4c43-9480-c8e70957b97e,GET,/healthz,200,573
54e673aa-94f7-4023-b4e0-7ab018b2d0e4,GET,/healthz,200,915
87187ae9-0f27-4cba-9d3e-d47aadedbad6,GET,/healthz,200,491
bfda4e2b-d69c-415b-9056-22d606857d5d,GET,/healthz,200,492
89517003-c1a9-4551-8114-5db96d6e12ab,GET,/healthz,200,699
a839898b-0a58-4fa9-a399-0b67f878b4e3,GET,/healthz,200,604
5f8afd2e-69af-47a7-8cf8-7ce1527365c9,GET,/healthz,200,544
49af6c52-5a23-46fb-ba6e-ed625b44e036,GET,/healthz,200,558
d8b7039c-800d-44b5-986c-4fb9781593f5,GET,/healthz,200,560
51f71bf7-d6d8-4207-bee5-a8e543a71cb4,GET,/healthz,200,561
77f93fa2-fe13-4449-9733-e04b7c47eb7c,GET,/healthz,200,1179
1b6c1a16-4004-47b9-869b-7341dbc19ee5,GET,/healthz,200,1304
e1057be7-ae76-430d-a8c4-c0de6c447a0d,GET,/healthz,200,1940
e63b42c4-6c5f-4e1a-af8a-12966655e46d,GET,/healthz,200,698
6926b631-7ce6-4af7-9e5f-bbac7270812b,GET,/healthz,200,558
176ceb34-e639-4836-add8-03e1a5b982e3,GET,/healthz,200,496
1148be8e-b88c-487c-8705-157a1ca2cc61,GET,/healthz,200,1678
6c5de368-e0d3-4b3b-9984-730b40377c06,GET,/healthz,200,496
b2c700b2-f777-4a82-97ac-e1a1fe389a84,GET,/healthz,200,1071
817c899e-065d-4662-a8e0-adf2e6535e38,GET,/healthz,200,558
af47c0c6-f61c-494b-b3f8-cb8dca7a9652,GET,/healthz,200,622
34e4a20f-f7f8-43ce-9409-ae56c664d1d2,GET,/healthz,200,561
6fb219c2-7c94-4854-a947-ca9577538bc8,GET,/healthz,200,561
895ae5c7-babd-42a2-87cf-ce35fe3fcde7,GET,/healthz,200,484
cf011b42-19fb-4c86-bdc9-62e7871dc3ba,GET,/healthz,200,871
1581bada-b6b2-4423-b19a-871b0eea453b,GET,/healthz,200,701
a86de164-86db-452a-a519-fe033b429761,GET,/healthz,200,654
44da3270-6e75-49fc-8726-2edaf3bc355d,GET,/healthz,200,561
ccebe5e7-adbd-4326-9326-b0a1d23f5cbe,GET,/healthz,200,561
9fff57c6-d122-4dfb-87db-cd93ae896fc9,GET,/healthz,200,561
fb1585fa-ba6e-40e9-b450-80dc9dc4917f,GET,/healthz,200,562
35da128a-8891-439c-9bc7-e0f85da8f331,GET,/healthz,200,982
4af67885-bd45-4ac3-a832-1bd8abafc961,GET,/healthz,200,543
b84fd059-2db0-4a43-9e72-75e33a50c239,GET,/healthz,200,543
832a0ccc-f6de-4200-adf4-facc77fc8c13,GET,/healthz,200,1616
4ae6a3c1-c5c3-4653-84ba-fab3f067da08,GET,/healthz,200,1059
36653c25-b7d7-4219-8b80-a7ac7aeafaa8,GET,/healthz,200,584
f9e1e368-a7ad-4fbd-9f74-a36a0ad92374,GET,/healthz,200,585
385cb721-14f7-4c7a-956c-d78bcfc64c90,GET,/healthz,200,540
2f751f2d-6108-4041-85f1-2a65a332e09c,GET,/healthz,200,849
621250d1-d458-48a5-94cb-67242feeef6d,GET,/healthz,200,463
93260d77-8126-4045-87cb-91821a74b45e,GET,/healthz,200,1707
5d5b9c3e-1056-41c4-a004-47c8e8801962,GET,/healthz,200,509
9ec57367-5409-4a3d-b1b0-559bd99a534f,GET,/healthz,200,955
527fc788-952a-406a-93b9-9f72461799ef,GET,/healthz,200,694
33be50bb-d7f8-4e1e-b2fe-3949aed830f8,GET,/healthz,200,646
e76c5251-362d-432e-bb1f-44a91065410c,GET,/healthz,200,648
99fa1ff9-a2fc-45f0-bf34-c83d98abf836,GET,/healthz,200,617
5ab720d8-dcab-47c6-a12e-771a5d1f492e,GET,/healthz,200,618
1765de21-fd99-43d9-9e5c-0a0ad19733e3,GET,/healthz,200,554
787f0a7b-cc1d-4d1e-9377-73860e3ba8cd,GET,/healthz,200,556
5cc45022-553b-4690-9f7d-5c2d6230fba2,GET,/healthz,200,1620
1da69dc4-3f90-4bc0-b926-33e0c4fd3ac6,GET,/healthz,200,635
18ac5860-8f43-4f2f-85bf-b98789a1cd6b,GET,/healthz,200,649
b7feb502-1b4e-4e9b-9317-5bfe198c3d94,GET,/healthz,200,972
cbf91059-35f3-4dac-ba8c-511d4bbea9df,GET,/healthz,200,587
1dc633fa-3778-4648-a26b-31597c641e84,GET,/healthz,200,725
5e5ab231-0420-405e-ab87-2238a16f34ba,GET,/healthz,200,492
f081fd0d-6286-429d-96bb-70cfe1bfb343,GET,/healthz,200,493
1f1ef7fa-a389-4f78-8e5c-76f8a37e9838,GET,/healthz,200,537
00c0adfb-af49-4fb9-9637-d28d2da4784f,GET,/healthz,200,538
dd462f8a-7175-4d10-930c-6516ae732e60,GET,/healthz,200,431
9ffb6952-710c-49b6-80d4-9eb422e6ee4d,GET,/healthz,200,616
f29738b1-c40e-480e-b7f0-c0035ece2682,GET,/healthz,200,553
40663cc7-5832-40c5-8323-9f4d2daf2d1d,GET,/healthz,200,724
e8d6fe93-cf95-4f99-8099-cb1eca93470f,GET,/healthz,200,492
a6e8d92e-8bcf-48a3-93ce-5b9b51769c86,GET,/healthz,200,477
8ce255ea-9000-4f5d-adcb-7c30752ccd34,GET,/healthz,200,924
c287dd10-9703-40e9-8941-9aa760d94336,GET,/healthz,200,602
fd63524b-6310-4897-861a-fd78d23c20b7,GET,/healthz,200,943
b287d489-00b4-4411-842d-99aacace5de4,GET,/healthz,200,1344
ebffa2ae-8d93-4db6-8c3f-b0c9110207ea,GET,/healthz,200,513
9f3898e1-d003-4bc6-9194-4f027496465c,GET,/healthz,200,482
cc2d526a-ae37-4ebe-acdf-3214062a627b,GET,/healthz,200,1144
712fd76d-0132-4719-98ad-e1fefb7224b6,GET,/healthz,200,573
885826e8-78ae-4035-854e-9fc726d6677f,GET,/healthz,200,605
cc441ecb-e0f4-4df6-ab3b-e3a35b2c1b51,GET,/healthz,200,632
8dc0a49b-f327-4e29-a56a-14d53e6e0e20,GET,/healthz,200,1069
ed9f7c72-b14d-4ff7-bc94-e9a0d4437c3e,GET,/healthz,200,589
55cff8a1-3fb1-40d5-844b-b16e63937e51,GET,/healthz,200,606
83113192-958f-4231-a07c-7fabe349d7a1,GET,/healthz,200,603
1e521987-53d4-4760-b840-c3e844b665a8,GET,/healthz,200,898
0a5ef825-2a84-4217-8df8-f08385d62870,GET,/healthz,200,562
e41a4822-70fa-468b-a170-96f6821c704b,GET,/healthz,200,884
128f8463-92e1-4d9f-a179-8f0f551e5a5c,GET,/healthz,200,945
a2fa3ad0-9af8-4764-a918-d8f178fbd0a9,GET,/healthz,200,931
84c1e10a-185e-41d2-924e-4653c87d30e7,GET,/healthz,200,1644
7df04e72-6e5b-413c-9b7c-77db527465a9,GET,/healthz,200,545
6f317004-ac21-43e2-88da-767e355f48ba,GET,/healthz,200,560
abeee63e-9274-4344-83c6-6742b4ee829e,GET,/healthz,200,515
c0a4ea84-0509-4e39-a892-68fe2f244696,GET,/healthz,200,559
67deb3e3-2c09-4207-a7db-75f7f0543c2a,GET,/healthz,200,529
ffd42fdc-f730-4ad3-a1b8-95d9257b376b,GET,/healthz,200,528
7930cdd7-173b-419f-a0dd-38c011bfe711,GET,/healthz,200,932
270dec53-d689-4589-8bb8-b86a958de521,GET,/healthz,200,559
08e4517e-3e6e-410d-9767-800e515e6e22,GET,/healthz,200,558
210f679d-67d7-4f2f-bb9e-9591073ba7fd,GET,/healthz,200,930
5f845aae-d903-4278-82fb-44537f89f116,GET,/healthz,200,509
59240943-c796-4d98-af21-8fbf999ab6ee,GET,/healthz,200,510
71650c28-13b1-4ca2-8eea-c2d35f63bd6c,GET,/healthz,200,710
c9cc0425-9dd2-4a60-aa5c-8616230c4331,GET,/healthz,200,511
842d9047-3140-465e-bad1-10b2f52e57b1,GET,/healthz,200,494
973fa88f-e864-4b90-8996-91e9821da0f0,GET,/healthz,200,557
ded1f843-380f-483f-9b8c-f7fcd3376fff,GET,/healthz,200,512
b8137894-f740-4386-9b19-333f8ae93ee3,GET,/healthz,200,557
372520d1-dd06-436e-bb8a-5ce768c8a574,GET,/healthz,200,607
6c65c5ec-77d7-4524-98c7-c0c9f3d01df7,GET,/healthz,200,608
945ccefc-37fa-487d-8c5f-e7b255dc606a,GET,/healthz,200,609
020ae1b6-352c-4e56-89d2-75b4f1c67b10,GET,/healthz,200,516
6e574afb-6a8e-4f01-a578-943deac5fd65,GET,/healthz,200,516
c7302e31-745e-459a-894b-e9ae4070e484,GET,/healthz,200,889
3c077582-8430-44a6-ab0a-4f28c1599b9e,GET,/healthz,200,561
7263c92b-945f-4462-a44a-1912ddde1274,GET,/healthz,200,563
558a4518-74bf-4e34-9d30-087f146ea17a,GET,/healthz,200,608
62e37a0b-f2de-443a-b8a3-6222a3fd0d0c,GET,/healthz,200,935
b7d591e3-3810-42a8-acad-6d9de176ce96,GET,/healthz,200,527
01ea41ad-d556-4702-94c4-bb11b3e2a29e,GET,/healthz,200,525
0a3d4812-7149-44f3-a099-f1f37f81a617,GET,/healthz,200,653
48069dbf-3e8e-47d2-8ece-52d844bc85bb,GET,/healthz,200,636
89cd2c26-4590-442d-9c1b-a97ad3c1b268,GET,/healthz,200,932
d72195ee-3a0c-4b55-bad0-4973ee7171cc,GET,/healthz,200,560
a0e3d559-fde5-4490-b35b-922c734e566d,GET,/healthz,200,514
1955f49e-3de2-4789-98ca-c16e3a40ca57,GET,/healthz,200,669
6c1a5c75-f510-4f0c-8c18-9f275aabd98f,GET,/healthz,200,1225
46d3d86b-ff61-4e2f-85ce-19a263c1b4e9,GET,/healthz,200,572
7d095636-fd40-4d70-914c-6e1d466674ac,GET,/healthz,200,586
66c515e9-9847-4604-ae2c-b05de479e86d,GET,/healthz,200,539
01fee4e4-90a1-43f5-8e96-ce44494ad075,GET,/healthz,200,1067
fcf326d6-fd3e-443e-af80-6a4394670414,GET,/healthz,200,614
1ef08a5f-c540-404d-856e-f012e0f3b6d6,GET,/healthz,200,553
49fa2df4-0e03-4be6-9fba-8f4eaa7ff1de,GET,/healthz,200,1482
e052acb8-ffc7-43b1-a92e-8b9e654ec357,GET,/healthz,200,491
04ff1ece-7a47-4481-bb99-0b0da6568859,GET,/healthz,200,491
7bb8a4ab-ab0f-4b73-ba49-62fe7b16b1cb,GET,/healthz,200,461
bdcdc68e-53c8-4e73-b963-382259ed08df,GET,/healthz,200,1668
5de65386-ab8f-4c08-823e-a7d7080765ec,GET,/healthz,200,874
41897f9a-482d-4cd1-b587-6af2719ae785,GET,/healthz,200,553
b7c71b84-2e39-4c86-b37f-10424dc1b665,GET,/healthz,200,556
e562eaed-b640-4244-8404-a0158a5c38d8,GET,/healthz,200,526
7107ce4a-f3fa-48c6-98bf-253152f91465,GET,/healthz,200,526
71dc4bbd-8993-494e-86c1-465f7a8e8ab5,GET,/healthz,200,697
080b62c2-a662-4fb2-b443-723136a62286,GET,/healthz,200,727
c7fb4d2f-9ef8-44e2-9d4d-b6349e2a041a,GET,/healthz,200,557
cd05c656-d1e7-47b9-8660-454382e2158d,GET,/healthz,200,526
f0c5e3c6-6ba1-4eea-94a7-559a1341a4ec,GET,/healthz,200,605
1bc2c01a-40ae-4848-9f25-0ed83efc46cd,GET,/healthz,200,543
9c27546f-4927-4268-ba38-65348532c6d4,GET,/healthz,200,649
f8573a8c-e418-4ab5-97dd-caf6f98d6829,GET,/healthz,200,1083
7068d03a-4daa-4c15-a7f6-c7e0ade33c67,GET,/healthz,200,558
c8f81c28-74e4-4a35-bbb1-09102aa872ad,GET,/healthz,200,510
3f9953be-a471-480f-b69a-4214ae98c800,GET,/healthz,200,558
92e266bb-5085-4194-ab93-05e84332f11d,GET,/healthz,200,512
6db1536a-ac31-4eee-890e-4d950de65bf0,GET,/healthz,200,621
960f48b3-33a7-4d75-8227-1f261995182a,GET,/healthz,200,698
c7f90f0f-7b45-4433-b84d-f24ec4505911,GET,/healthz,200,510
27961fab-e0b8-4507-98b3-ed7295fe11f6,GET,/healthz,200,510
48854011-da56-47d7-8bc2-19896409fb37,GET,/healthz,200,554
d8669e20-b7b0-47dd-b336-3e548223b875,GET,/healthz,200,554
a0fb0340-7eb1-469f-b62c-83384be5fc61,GET,/healthz,200,555
bf841b33-0694-4932-9c92-fa1b1148a6a9,GET,/healthz,200,523
dd201e58-6f47-4a0e-a1f0-fb1dacf60fa6,GET,/healthz,200,523
a363b6a4-cc3d-43f6-9db3-d1800f78d7f1,GET,/healthz,200,523
1bd6ffb5-d2af-4b05-b98a-c34b516bd190,GET,/healthz,200,773
fc8c3931-007a-4dfc-aca7-5d536ea9de51,GET,/healthz,200,494
f4203e6b-ff62-4d02-ba9e-7e12daa4b1a1,GET,/healthz,200,926
5f4064a8-6d57-4ba1-a2cc-d0ed6ce6a9ab,GET,/healthz,200,573
f30a932c-f567-421d-9ec6-df2f4ddc82e5,GET,/healthz,200,574
c1a6f4f7-257b-4c30-b938-aae0c3373763,GET,/healthz,200,882
cad9c38b-823f-487b-86e5-affde683988c,GET,/healthz,200,495
25002ca4-3d4d-419a-94f7-a32c02965bb2,GET,/healthz,200,496
bb47835c-4ae5-42fa-aaeb-f16a4f6f81d3,GET,/healthz,200,683
3b9b52e5-e349-4afc-bebe-4ac4654f7fd8,GET,/healthz,200,513
0757b1ec-d3fe-4ea6-aa8a-be3550e73619,GET,/healthz,200,496
8f02e562-4c12-42f4-8e7e-cb0abeb11876,GET,/healthz,200,433
a2a13417-242e-4017-bfd7-384ea7708e14,GET,/healthz,200,945
f3c13847-311f-43f8-ad0e-506bb8789956,GET,/healthz,200,511
c4ab8606-ff22-4a42-ad5d-b9c154cf19b8,GET,/healthz,200,512
59a8c9f1-9fb1-4f89-9d07-72567bf80c06,GET,/healthz,200,900
7f6533e0-1c11-4988-a139-694cf7782863,GET,/healthz,200,602
80417897-1412-40c8-a686-0db2c8af4f1c,GET,/healthz,200,493
0ffcecce-8f84-4eda-874b-1073e44cd33f,GET,/healthz,200,726
bead4bc3-6373-4ad4-8a86-f090ba9c01ca,GET,/healthz,200,540
db9b4488-e9cf-40f4-8164-13e45ff0326f,GET,/healthz,200,541
3c38b2cb-6063-40ea-9d8a-a444a320b900,GET,/healthz,200,555
2b198866-6398-43b3-8ff2-79c1a429fc31,GET,/healthz,200,539
34796ebc-8a0a-48aa-bdb8-61f9e5a2152a,GET,/healthz,200,569
b903627a-7d03-484f-a8d7-7c2521e11ef2,GET,/healthz,200,556
1313f055-dce0-4ceb-a393-9ab16e8e47e4,GET,/healthz,200,1249
2827bd82-b04a-4cf6-9516-06445c64a1c5,GET,/healthz,200,892
1c66262c-6584-452c-b3cf-f947a9690e6a,GET,/healthz,200,892
b3cfe357-bef0-40b2-ad3d-38b076b19a64,GET,/healthz,200,461
9079869e-6800-4bff-8c9d-9921a9051340,GET,/healthz,200,569
7c5af4dd-317d-464d-8e97-38bef2229e53,GET,/healthz,200,510
0bfaa757-ddb6-4350-af7f-6e3a959ca54c,GET,/healthz,200,463
1dc600e8-29e1-4b92-964b-b3190a7bc3f2,GET,/healthz,200,1085
8134c3fe-c0a1-420e-a57d-f50ea002b43f,GET,/healthz,200,559
0d62465e-5e72-4c0f-8d56-76aaf1263076,GET,/healthz,200,575
e42a6bfa-08f4-44b0-bbdb-0ff814fcea63,GET,/healthz,200,576
11d7342d-bb21-4043-a244-7d2d6d6ed5ab,GET,/healthz,200,577
93b3341b-341f-4ae8-a903-61b30b1fdda0,GET,/healthz,200,578
c0b6a346-02b2-4e1c-b136-f0ce3186b644,GET,/healthz,200,874
f50832bb-997b-4556-9409-7acaa6b56dc8,GET,/healthz,200,499
a7646dfb-ab73-4c64-85cb-45112a4909b1,GET,/healthz,200,904
a5778462-8bfb-413c-b997-92e1cc388553,GET,/healthz,200,547
ea5d41eb-bb8e-480a-92c3-e7301db73eb3,GET,/healthz,200,546
9dc7aa86-ce92-4189-bad6-cc430f4a6839,GET,/healthz,200,544
66ba7bab-fe13-4915-80bb-e934fce4facd,GET,/healthz,200,700
3c060836-b170-43db-8a73-9dd9221d9f6f,GET,/healthz,200,570
489d9cd5-4043-4aa7-a02e-5c28d201b06e,GET,/healthz,200,1678
423d3edb-ffda-4717-827c-61625fc773df,GET,/healthz,200,1374
243cb181-7db2-417b-947d-c9ab92164948,GET,/healthz,200,541
722c0f02-469d-4d89-ba4f-736030fa3403,GET,/healthz,200,570
2a6132af-ecb2-4896-89f9-e0ce5599a9fe,GET,/healthz,200,570
64b27ecc-33fa-4d48-8a69-7f054b98baaa,GET,/healthz,200,897
4bea6d6b-e8db-4e5f-8e7f-6a42355cab4d,GET,/healthz,200,600
36931d73-a483-4b87-a9e1-689e39fa324c,GET,/healthz,200,526
69ceddb0-15f9-4043-b5ef-abf925513f6f,GET,/healthz,200,488
d654d6d7-1995-469e-8cb0-4a01023d5f2f,GET,/healthz,200,1536
0d29b1cd-db13-4480-9d55-bcbc8ecd0b1b,GET,/healthz,200,522
df0a7ca5-72e3-4afc-b6f9-1304b1b90dff,GET,/healthz,200,523
105f7b4c-b40d-477b-b3c7-3be67b59e622,GET,/healthz,200,916
86eab1f6-ea34-4c64-8f90-41a611b598b1,GET,/healthz,200,527
e379f533-0108-4d35-bfbb-2a14f0d7d828,GET,/healthz,200,1084
5aacdc39-78e7-4e7f-a4d9-413ee960df1e,GET,/healthz,200,558
055e583f-7876-4b14-9e8f-68c041b6777f,GET,/healthz,200,527
07ca684f-72fe-4b3d-95b3-31875ba5f53c,GET,/healthz,200,528
3b21a2cc-f05b-4322-a192-bfa2b518d397,GET,/healthz,200,946
31f2f8d5-37ea-4a5b-ad33-68f7dd934284,GET,/healthz,200,942
fb17e114-0ada-4333-bab5-15e836762911,GET,/healthz,200,558
2e4d311a-8291-4dfb-9281-321a81c10eca,GET,/healthz,200,559
a5ed09d7-745b-498f-9b6f-cb8fa825de75,GET,/healthz,200,617
c154cd85-f045-4bd2-be6e-5950b170ab85,GET,/healthz,200,577
beec1a6e-f862-4768-ba15-d94b7fd9219a,GET,/healthz,200,577
52373ee7-2b83-4841-a2cc-6f4b2eb0dff8,GET,/healthz,200,580
16ea4cd2-c17c-4523-a2e2-a4dee78ab65a,GET,/healthz,200,900
e3e10df2-6fea-4638-a3c8-9bf8b38d0104,GET,/healthz,200,483
9343309f-ba44-4c3b-b33e-27397ebda7a3,GET,/healthz,200,483
d36384dc-8da4-452e-bf48-67ffdefcca69,GET,/healthz,200,899
cbde011a-c88b-40a2-b70e-f1b4aa5bea30,GET,/healthz,200,482
11bb472a-e619-4718-b153-336c1bdd6fb6,GET,/healthz,200,947
4b3a0a70-750c-4d25-b1c1-5b483f4ba000,GET,/healthz,200,537
d05e0606-9771-4778-995a-a4ec38d65e45,GET,/healthz,200,542
23623111-63d3-4374-8138-4e8b1b84ff4d,GET,/healthz,200,542
637f938d-4f4e-4539-a061-babcf604afb5,GET,/healthz,200,542
b441c495-0d72-42ae-a132-20ca4dc93b68,GET,/healthz,200,530
7c35eeb7-2995-40e5-b930-203e92585f18,GET,/healthz,200,1628
25a07fe6-d883-4d96-9daf-adb80a055cb3,GET,/healthz,200,545
ec1bfc1a-b12d-47fd-874d-ef7779f8779a,GET,/healthz,200,515
a68b9103-36fc-4c72-aa6e-abf35ff688aa,GET,/healthz,200,1282
6c24580a-94bf-4b65-a68f-e255c0064b01,GET,/healthz,200,1145
ed22fa74-2365-4262-8050-eef6ac040ad7,GET,/healthz,200,1327
d03fc8b0-7048-459a-bc2c-d058e29c16f8,GET,/healthz,200,576
9e166e4f-d899-4bfe-867f-fb5a66f0a2c6,GET,/healthz,200,712
95493cec-2243-44be-8cc4-6dbd06c0a516,GET,/healthz,200,693
eb6929d2-4f38-41fc-bcfc-611962a40f85,GET,/healthz,200,695
ee75096f-c9ae-4619-81e3-aea314489aba,GET,/healthz,200,696
ca973b8b-6fdc-4d23-8acc-ef9a66f39512,GET,/healthz,200,558
8219e136-2cc4-4b84-b0bb-21b0fb58458a,GET,/healthz,200,650
d785fd81-3825-4d67-9b01-073c2c0dede8,GET,/healthz,200,771
5f567ffe-dcee-4560-ba05-9fca607746d8,GET,/healthz,200,933
2ba513e8-325a-47fd-9c91-91fc24cd3640,GET,/healthz,200,574
899d5b2c-0142-4322-8b8a-9ceb51eb5ce9,GET,/healthz,200,574
17098db0-a319-4b30-aac5-beb6cb441621,GET,/healthz,200,576
a32865fc-fd52-4b44-a895-c70b8fe418ab,GET,/healthz,200,1150
2403453e-2396-4ebd-90de-1a58d7516166,GET,/healthz,200,636
cf902364-ccbc-49d7-bfef-57881aa5c466,GET,/healthz,200,903
6d7eb128-0fd9-45e8-8d4e-f1d49dc1cf6a,GET,/healthz,200,950
191cf747-44f8-4d24-b010-5ac192b8398e,GET,/healthz,200,635
b4f27670-f45a-49e0-9614-1afa041f9528,GET,/healthz,200,635
2c2d4cca-420d-4aa6-9b2e-dcf6bf8f2735,GET,/healthz,200,619
a6cafe12-fc47-49f6-8263-170e544a37b3,GET,/healthz,200,916
65f04e2e-36d6-4b4b-acae-183ed17e2fa5,GET,/healthz,200,916
5fe163f1-a3a0-45c1-a581-30c0775a1808,GET,/healthz,200,540
07be165a-5a7b-46f0-8292-db8f143cea78,GET,/healthz,200,481
cc9281bc-34dc-40f6-b64c-3b592d2ff5f9,GET,/healthz,200,2792
89f2f128-cc48-4514-ac6f-76e2295e922e,GET,/healthz,200,559
fb2e3e5d-741c-4868-94be-4c3c7fad4494,GET,/healthz,200,2838
bbd5939f-facb-4051-af85-56c5e29b401d,GET,/healthz,200,557
1ad35494-ff7b-4e5f-8295-0cf8f983fab5,GET,/healthz,200,604
a566e698-80fe-418e-bee3-8985d24f4344,GET,/healthz,200,605
3774abca-b5d8-4878-b2d4-a42d630ba063,GET,/healthz,200,528
65fcc00e-4a92-47d0-96b2-4bb37b789b6d,GET,/healthz,200,655
01baf0e1-31f8-4449-96ac-6104933aab01,GET,/healthz,200,609
da9008bd-bfee-450f-be1b-8ea45a5f8617,GET,/healthz,200,1384
f075c3b4-a7ce-4fce-bd64-00b7043d46de,GET,/healthz,200,964
f4c36383-2d65-482d-8b68-c4aefe863084,GET,/healthz,200,546
ba7b7d7d-e457-466b-83fb-8b3a5467c900,GET,/healthz,200,623
416a0f75-77d9-4cf6-a7e2-5965a72a5a7e,GET,/healthz,200,577
7d78f735-f1fd-4f1e-953a-d8f8dfb021af,GET,/healthz,200,548
3a1cbf27-7928-4899-aa29-b16c01639677,GET,/healthz,200,982
0e28c60f-1c55-41d8-89a2-1e4771124008,GET,/healthz,200,1727
1e2eebba-ceec-47b6-9b75-7387ec98e9f1,GET,/healthz,200,946
975a1305-6a38-47f6-a7ff-3c9e214a7383,GET,/healthz,200,977
f2f78cf8-15a6-425d-a305-5d694318d103,GET,/healthz,200,514
07a82b57-63ba-4eec-9298-eec3f9dd71b6,GET,/healthz,200,1070
85072f73-c3de-4a07-9634-619e7fb5dec3,GET,/healthz,200,1447
0d30477c-7c82-42fa-a49f-e375378f547b,GET,/healthz,200,544
60346a0c-d8d5-421d-9ee4-242abfba9537,GET,/healthz,200,542
0fc84af2-9800-4c7e-a8d7-c813e5f13d4a,GET,/healthz,200,2592
01e8d543-a852-47da-a4be-a85cdb069287,GET,/healthz,200,510
08a83df2-a743-4414-b863-e82b648ef01c,GET,/healthz,200,741
df414f9b-667e-4396-9367-64001cfb547f,GET,/healthz,200,603
bfa48aa7-bf34-4391-9fa1-7aca4b9a6dfa,GET,/healthz,200,571
860ef487-b8b7-4d97-9f46-23d12e48e78d,GET,/healthz,200,601
82abd56f-7892-49df-855d-0b95b40d33cd,GET,/healthz,200,600
466ce018-4f9a-4433-a001-26f9ec734246,GET,/healthz,200,627
5be97b06-f4f8-4269-8d29-ec56b8a7a35b,GET,/healthz,200,969
47ba3804-a914-4148-8ab0-18f0b1bdfd00,GET,/healthz,200,737
2e5f0321-7b22-469c-81c9-861df72daae4,GET,/healthz,200,599
547b3e03-8280-4ba1-aec5-4d065b57babc,GET,/healthz,200,599
577fc0da-74f9-45c0-8f33-fbb389fd612e,GET,/healthz,200,969
d0e80aef-6a66-4e4d-9792-2c34e4aa3b80,GET,/healthz,200,505
e19b63e3-8a96-47c8-81dc-ed11e7f0af90,GET,/healthz,200,970
7e70af9a-9381-49eb-8a08-1a0a58eee644,GET,/healthz,200,554
76392c97-3cdd-4480-8ced-5ed0f0510577,GET,/healthz,200,557
15824513-1fe8-4ab7-a653-a3b2f701a0b7,GET,/healthz,200,512
0a8b435b-56e0-4749-a275-5b70ca8f2880,GET,/healthz,200,511
227c8534-5359-4edb-84c7-19ec9a73b6ea,GET,/healthz,200,971
f3d32139-8522-4e1a-9bfa-39b8f2492a85,GET,/healthz,200,695
89e55a0a-b134-411b-b637-27ab15e0c697,GET,/healthz,200,1085
a958275f-fc86-49a2-9262-8b6239a68688,GET,/healthz,200,556
66666a24-e5c2-47e1-8ea8-34100a3f2514,GET,/healthz,200,570
76981727-c1c5-4098-8152-17dd9b16e9fb,GET,/healthz,200,572
41024343-71c0-498c-b3ae-59c6c68f0d89,GET,/healthz,200,572
a5914278-d7ff-4801-9b18-c3489ef233f8,GET,/healthz,200,693
af18cf88-5ab5-4fbc-a60c-4a96d543fe1e,GET,/healthz,200,2624
a80d56d5-560d-4145-8514-3fbdb1a93fbb,GET,/healthz,200,760
6f930d5d-d6a0-47ee-8722-821ecd3ee954,GET,/healthz,200,585
d1b9469e-ebf2-44ab-8f75-e13f396ff90a,GET,/healthz,200,588
57d1463e-5334-448b-a4e8-466a01f8ba4a,GET,/healthz,200,589
26b25a12-5aa7-4a4d-b8dc-996f5fcdc7d3,GET,/healthz,200,1070
2cf9d71f-faed-4116-a480-6eae334a1d7c,GET,/healthz,200,605
39d93908-3d92-4123-a86b-f07f87e7b805,GET,/healthz,200,543
2c38680f-dcb2-45ec-ba3b-87d5c89888b7,GET,/healthz,200,1070
dbd1501f-c704-4d2f-9499-a0d869d91c92,GET,/healthz,200,556
0f38a7f7-7566-4bf2-b7fe-db003b1c4b63,GET,/healthz,200,556
5a59c151-a550-4b4a-bad8-f2204b2c4d10,GET,/healthz,200,957
d28fafe1-5204-4ee8-96d9-059a26a5471b,GET,/healthz,200,3106
f3a4b350-ec77-42f1-9c3a-5ab03b4917e9,GET,/healthz,200,1023
ea3d0fce-3cd9-4ef7-a220-1ca62b3ee397,GET,/healthz,200,1425
